,artistId,trackName,trackViewUrl,sellerName,sellerUrl,artistName,userRatingCount,averageUserRating,averageUserRatingForCurrentVersion,version,primaryGenreName,genres/0,genres/1,agency
373,1460781652,Viggo - book a ride,https://apps.apple.com/us/app/viggo-book-a-ride/id1460781653?uo=4,Viggo Hq ApS,https://www.viggo.com/,Viggo HQ,131,4.96183,4.96183,1.20.10,Travel,Travel,Navigation,
60,1343524837,Waymo One,https://apps.apple.com/us/app/waymo-one/id1343524838?uo=4,Waymo LLC,https://waymo.com,Waymo LLC,5655,4.93687,4.93687,1.61,Travel,Travel,,
5,1199780188,Lime - #RideGreen,https://apps.apple.com/us/app/lime-ridegreen/id1199780189?uo=4,Neutron Holdings. Inc.,https://www.li.me/,Neutron Holdings. Inc.,1888087,4.93197,4.93197,3.126.0,Travel,Travel,Lifestyle,
530,1610699939,E-Mile: The Electric Ride,https://apps.apple.com/us/app/e-mile-the-electric-ride/id1610699937?uo=4,"TRAVEL ALL OVER-TAO, LLC",https://www.e-milerider.co/services,"TRAVEL ALL OVER-TAO, LLC",388,4.93041,4.93041,1.4,Travel,Travel,Entertainment,
559,680571815,BlackCab,https://apps.apple.com/us/app/blackcab/id680571812?uo=4,Miiles INT SRL,http://www.blackcab.ro,Miiles INT,120,4.925,4.925,3.9.6,Travel,Travel,,
337,633928714,Liftago,https://apps.apple.com/us/app/liftago/id633928711?uo=4,"Liftago, a.s.",http://www.liftago.com,"Liftago, a.s.",738,4.92276,4.92276,3.8.2,Travel,Travel,Business,
46,524123603,Blacklane - Chauffeur Service,https://apps.apple.com/us/app/blacklane-chauffeur-service/id524123600?uo=4,Blacklane GmbH,https://www.blacklane.com/en/,Blacklane GmbH,22120,4.91618,4.91618,5.48.1,Travel,Travel,,
1,523004506,Lyft,https://apps.apple.com/us/app/lyft/id529379082?uo=4,"Lyft, Inc.",http://lyft.com,"Lyft, Inc.",13229715,4.91533,4.91533,15.24.3,Travel,Travel,Navigation,
189,468340565,"Tutu.ru: flights, railway, bus",https://apps.apple.com/us/app/tutu-ru-flights-railway-bus/id1296791829?uo=4,Tutu.ru Limited Liability Company,,Tutu.ru,1028,4.90855,4.90855,3.109.1,Travel,Travel,Reference,
80,571316016,Wingz,https://apps.apple.com/us/app/wingz/id571316013?uo=4,"Wingz, Inc.",,"Wingz, Inc.",6184,4.90151,4.90151,5.32.72,Travel,Travel,Lifestyle,
24,295079414,"SIXT rent, share, ride & plus",https://apps.apple.com/us/app/sixt-rent-share-ride-plus/id295079411?uo=4,Sixt AG,https://www.sixt.com/,Sixt,57221,4.89886,4.89886,9.107.0,Travel,Travel,Lifestyle,
578,657777018,Groove On-Demand,https://apps.apple.com/us/app/groove-on-demand/id1545140409?uo=4,"Via Transportation, Inc.",,"Via Transportation, Inc.",384,4.89844,4.89844,4.6,Travel,Travel,Navigation,City of Memphis
275,657777018,MetroConnect Miami-Dade,https://apps.apple.com/us/app/metroconnect-miami-dade/id1531078058?uo=4,"Via Transportation, Inc.",https://ridewithvia.com/privacy-policy/,"Via Transportation, Inc.",744,4.89247,4.89247,4.11.11,Travel,Travel,Navigation,County of Miami-Dade
234,1467890715,Leaf Rides,https://apps.apple.com/us/app/leaf-rides/id1467890716?uo=4,LEAF LLC,,LEAF LLC,1660,4.88734,4.88734,1.83,Travel,Travel,Navigation,
6,1260842310,Bird — Ride Electric,https://apps.apple.com/us/app/bird-ride-electric/id1260842311?uo=4,"Bird Rides, Inc.",http://bird.co,"Bird Rides, Inc.",1349966,4.88474,4.88474,4.259.0,Travel,Travel,,
577,301294952,Airport Codes,https://apps.apple.com/us/app/airport-codes/id308579423?uo=4,"VersaEdge Software, LLC",,"VersaEdge Software, LLC",484,4.88429,4.88429,3.0.2,Travel,Travel,Reference,
461,657777018,Salem Skipper,https://apps.apple.com/us/app/salem-skipper/id1540576019?uo=4,"Via Transportation, Inc.",http://www.salemskipper.com/,"Via Transportation, Inc.",580,4.87931,4.87931,4.6,Travel,Travel,Navigation,
3,368677371,Uber - Request a ride,https://apps.apple.com/us/app/uber-request-a-ride/id368677368?uo=4,"Uber Technologies, Inc.",https://www.uber.com,"Uber Technologies, Inc.",6885109,4.87369,4.87369,3.580.10001,Travel,Travel,Lifestyle,
287,1220185946,MILES Carsharing & Transport,https://apps.apple.com/us/app/miles-carsharing-transport/id1220185947?uo=4,MILES Mobility GmbH,https://miles-mobility.com/,MILES Mobility GmbH,365,4.87123,4.87123,4.24,Travel,Travel,Lifestyle,
19,1232480544,inDrive. Save on city rides,https://apps.apple.com/us/app/indrive-save-on-city-rides/id780125801?uo=4,SUOL INNOVATIONS LTD,,SUOL INNOVATIONS LTD,132536,4.86707,4.86707,5.46.0,Travel,Travel,Navigation,
14,1136548164,"Grab: Taxi Ride, Food Delivery",https://apps.apple.com/us/app/grab-taxi-ride-food-delivery/id647268330?uo=4,GRABTAXI HOLDINGS PTE. LTD.,https://grab.com/,Grab.com,113024,4.86502,4.86502,5.271.0,Travel,Travel,Food & Drink,
10,431553215,Citymapper,https://apps.apple.com/us/app/citymapper/id469463298?uo=4,Citymapper Limited,https://citymapper.com,Citymapper Limited,55882,4.86191,4.86191,11.5.1,Navigation,Navigation,Travel,
177,1427114483,Beam - Escooter Sharing,https://apps.apple.com/us/app/beam-escooter-sharing/id1427114484?uo=4,APAC Escooters Pte. Ltd.,https://www.ridebeam.com/,APAC ESCOOTERS PTE. LTD.,2362,4.86156,4.86156,2.12.0,Travel,Travel,Lifestyle,
125,1506748349,Yummy Rides - Viaja y Conduce,https://apps.apple.com/us/app/yummy-rides-viaja-y-conduce/id1577004455?uo=4,Interlude Studios LLC.,,Interlude Studios LLC.,7049,4.8594,4.8594,2.3.3,Travel,Travel,Navigation,
11,528916105,MTA TrainTime,https://apps.apple.com/us/app/mta-traintime/id1104885987?uo=4,MTA/New York City Transit,https://new.mta.info/traintime,Metropolitan Transportation Authority,108609,4.859,4.859,9.0.0,Travel,Travel,Navigation,MTA New York City Transit
107,1440663443,Blue Duck Scooter,https://apps.apple.com/us/app/blue-duck-scooter/id1519770519?uo=4,"Blue Duck Express, Inc.",https://www.blueduckscooters.com/connect/,Blue Duck Express Inc.,6843,4.85547,4.85547,3.5.11,Travel,Travel,Lifestyle,
434,897817094,Allo Taxi Lebanon,https://apps.apple.com/us/app/allo-taxi-lebanon/id897817091?uo=4,ALLO TRANSPORT,,ALLO TRANSPORT,363,4.85398,4.85398,51.2,Travel,Travel,Lifestyle,
353,1420136983,eCabs,https://apps.apple.com/us/app/ecabs/id777550235?uo=4,eCABS COMPANY LIMITED,https://www.ecabs.com.mt,eCabs,816,4.85294,4.85294,4.22.2,Travel,Travel,Lifestyle,
61,965534441,BiTaksi - Your Taxi!,https://apps.apple.com/us/app/bitaksi-your-taxi/id589500723?uo=4,Bitaksi Mobil Teknoloji Anonim Sirketi,,Bitaksi Mobil Teknoloji,15043,4.84837,4.84837,6.28.0,Travel,Travel,Utilities,
12,987648794,Greyhound: Buy Bus Tickets,https://apps.apple.com/us/app/greyhound-buy-bus-tickets/id931612822?uo=4,"Greyhound Lines, Inc.",,Greyhound Lines Inc,153498,4.83425,4.83425,8.22,Travel,Travel,Business,
69,1438844292,Helbiz - Mobility & Kitchen,https://apps.apple.com/us/app/helbiz-mobility-kitchen/id1438844293?uo=4,"Micromobility.com, Inc.",,"Micromobility.com, Inc.",12278,4.83263,4.83263,4.0.7,Travel,Travel,,
139,1198464605,Rapido: Bike-Taxi & Auto,https://apps.apple.com/us/app/rapido-bike-taxi-auto/id1198464606?uo=4,Roppen Transportation Services Private Limited,http://rapido.bike,Roppen Transportation Services Private Limited,8915,4.83141,4.83141,3.0.5,Travel,Travel,Utilities,
72,988052032,Ride Circuit,https://apps.apple.com/us/app/ride-circuit/id988052033?uo=4,The Free Ride Inc,https://www.ridecircuit.com/,The Free Ride Inc,5090,4.82927,4.82927,11.0.0,Travel,Travel,,
492,657777018,Trinity Metro ZIPZONE,https://apps.apple.com/us/app/trinity-metro-zipzone/id1469882901?uo=4,"Via Transportation, Inc.",https://ridetrinitymetro.org/rider-services/zipzone/,"Via Transportation, Inc.",296,4.8277,4.8277,4.6,Travel,Travel,Navigation,
354,744137024,TaxiMe Client,https://apps.apple.com/us/app/taxime-client/id744137021?uo=4,TAXIME OOD,https://taxime.to/,TAXIME OOD,1161,4.82687,4.82687,4.5.2,Travel,Travel,Navigation,
7,449655165,Gett - Ground Transportation,https://apps.apple.com/us/app/gett-ground-transportation/id449655162?uo=4,GT Get Taxi Ltd.,http://www.gett.com/,GT Get Taxi Ltd.,10245,4.82626,4.82626,10.27,Travel,Travel,Lifestyle,
111,1440301672,Dott – Unlock your city,https://apps.apple.com/us/app/dott-unlock-your-city/id1440301673?uo=4,emTransit B.V,http://help.ridedott.com,Dott B.V.,4620,4.82531,4.82531,2.62.0,Travel,Travel,,
138,366647746,CATS-Pass,https://apps.apple.com/us/app/cats-pass/id1570679604?uo=4,City of Charlotte,https://charlottenc.gov/cats,City of Charlotte,6435,4.8244,4.8244,1.3.0,Travel,Travel,Navigation,
40,1611727920,maxim — order taxi & delivery,https://apps.apple.com/us/app/maxim-order-taxi-delivery/id579985456?uo=4,ABESALOMI KIRKITADZE,https://taximaxim.com/country/,ABESALOMI KIRKITADZE,22738,4.82395,4.82395,3.177,Travel,Travel,Lifestyle,
115,402174916,G7 TAXI - Book a taxi,https://apps.apple.com/us/app/g7-taxi-book-a-taxi/id402196027?uo=4,Ste Nouvelle Groupement Taxi,https://www.g7.fr,TAXIS G7,4647,4.8201,4.8201,9.15.5,Travel,Travel,Lifestyle,
90,974792286,"TfL Go: Live Tube, Bus & Rail",https://apps.apple.com/us/app/tfl-go-live-tube-bus-rail/id1419541638?uo=4,Transport Trading Ltd.,https://tfl.gov.uk/go,TfL,4147,4.8095,4.8095,1.50.0,Navigation,Navigation,Travel,
15,1360238536,DiDi Rider: Affordable rides,https://apps.apple.com/us/app/didi-rider-affordable-rides/id1362398401?uo=4,DIDI MOBILITY INFORMATION TECHNOLOGY PTE. LTD.,https://web.didiglobal.com/,DiDi,20694,4.80651,4.80651,7.4.12,Travel,Travel,Lifestyle,
379,733348337,HOPIN - tap for transport,https://apps.apple.com/us/app/hopin-tap-for-transport/id733348334?uo=4,HopIN s.r.o,https://hopintaxi.com/en/,HopIN s.r.o.,110,4.8,4.8,9.41,Travel,Travel,Navigation,
0,675033633,Bolt: Request a Ride,https://apps.apple.com/us/app/bolt-request-a-ride/id675033630?uo=4,BOLT TECHNOLOGY OU,https://bolt.eu/,BOLT TECHNOLOGY OU,115822,4.79932,4.79932,110,Travel,Travel,Lifestyle,
142,1439359460,A-Way WeGo,https://apps.apple.com/us/app/a-way-wego/id1589114302?uo=4,Anaheim Transportation Network,https://rideart.org/,Anaheim Transportation Network,777,4.79021,4.79021,101,Navigation,Navigation,,Anaheim Transportation Network
572,1386882938,Tokyo Travel Guide .,https://apps.apple.com/us/app/tokyo-travel-guide/id466712886?uo=4,Maria Monti,http://etips.com,Maria Monti,127,4.7874,4.7874,3.0.39,Navigation,Navigation,Travel,
364,1038944802,Taximeter. GPS taxi cab meter.,https://apps.apple.com/us/app/taximeter-gps-taxi-cab-meter/id1038944803?uo=4,Kalimex-Consulting s.r.o.,,Kalimex-Consulting s.r.o. @Blocoware & Stanislav Dvoychenko,394,4.7868,4.7868,3.5,Navigation,Navigation,Utilities,
18,1279820695,Veo,https://apps.apple.com/us/app/veo/id1279820696?uo=4,VEORIDE INC,https://www.veoride.com/,VEORIDE INC,61688,4.7813,4.7813,4.0.13,Travel,Travel,,
556,1416765580,Dubai Travel Guide ..,https://apps.apple.com/us/app/dubai-travel-guide/id456004023?uo=4,Daniel Garcia,https://apps.toursappsdiscover.com/apps/Dubai+Travel+Guide+with+Metro+Map+and+Route+Planner+Navigator,Daniel Garcia,139,4.77698,4.77698,3.0.25,Navigation,Navigation,Travel,
113,370362304,NS Travel Planner,https://apps.apple.com/us/app/ns-travel-planner/id370362301?uo=4,NS Reizigers B.V.,https://www.ns.nl/journeyplanner,NS Reizigers B.V.,2945,4.77284,4.77284,7.63.2,Travel,Travel,,
345,1281251209,Sydney Transport: Bus + Rail,https://apps.apple.com/us/app/sydney-transport-bus-rail/id1176012556?uo=4,Transit Now ltd,https://travelwhiz.app,Transit Now ltd,213,4.76994,4.76994,2023.4,Travel,Travel,Navigation,
218,1281251209,London Transport: Tube & Bus,https://apps.apple.com/us/app/london-transport-tube-bus/id953752288?uo=4,Transit Now ltd,https://travelwhiz.app,Transit Now ltd,385,4.76623,4.76623,2023.4,Navigation,Navigation,Travel,
594,712238661,Green and Yellow Cab,https://apps.apple.com/us/app/green-and-yellow-cab/id712238658?uo=4,"Green Cab Company,inc.",,Green Cab and Yellow Cab Companies,160,4.7625,4.7625,6.7.0,Travel,Travel,Navigation,
241,657777018,Rekab Solutions Company,https://apps.apple.com/us/app/rekab-solutions-company/id1485389979?uo=4,"Via Transportation, Inc.",https://rekab.sa/,"Via Transportation, Inc.",1760,4.75511,4.75511,4.6.6,Travel,Travel,Navigation,
228,920821272,London Live Bus Countdown,https://apps.apple.com/us/app/london-live-bus-countdown/id475360935?uo=4,Mobicia Limited,https://londonbusapp.com,Mobicia,1260,4.75476,4.75476,20.2.10,Navigation,Navigation,Travel,
119,1089117894,OurBus: Bus Booking Online,https://apps.apple.com/us/app/ourbus-bus-booking-online/id1089117895?uo=4,"OURBUS, INC",http://www.ourbus.com,OurBus,1061,4.75118,4.75118,1.11.20220828,Travel,Travel,,
327,657777018,Ride SMART Flex,https://apps.apple.com/us/app/ride-smart-flex/id1552855723?uo=4,"Via Transportation, Inc.",https://www.smartbus.org/,"Via Transportation, Inc.",816,4.74632,4.74632,4.6,Travel,Travel,Navigation,Suburban Mobility Authority for Regional Transportation
194,1651283977,My Flexcar,https://apps.apple.com/us/app/my-flexcar/id1548544372?uo=4,Flexcar LLC,https://www.flexcar.com,Flexcar,886,4.74491,4.74491,3.3.4,Travel,Travel,Lifestyle,
223,320969615,Madrid Metro - Map and Routes,https://apps.apple.com/us/app/madrid-metro-map-and-routes/id455968456?uo=4,Mapway Limited,https://www.mapway.com/apps/,Mapway Limited,1067,4.74414,4.74414,3.1.0,Navigation,Navigation,Travel,
129,1163248235,Valley Metro,https://apps.apple.com/us/app/valley-metro/id1569217165?uo=4,REGIONAL PUBLIC TRANSPORTAION AUTHORITY,https://www.valleymetro.org,Valley Metro,4708,4.74257,4.74257,2.1.0,Travel,Travel,Navigation,Regional Public Transportation Authority
151,1236175532,All Island Transportation,https://apps.apple.com/us/app/all-island-transportation/id1236175533?uo=4,"Global Administrative Services, LLC",,All Island Transportation,252,4.74206,4.74206,409.6.0,Travel,Travel,Navigation,
74,553663694,99 - Private drivers and Taxi,https://apps.apple.com/us/app/99-private-drivers-and-taxi/id553663691?uo=4,99 Taxis Desenvolvimento de Softwares Ltda. - Epp,https://99app.com/r/rider/apple-store,99 Taxis Desenvolvimento de Softwares Ltda. - Epp,16619,4.73952,4.73952,6.35.8,Travel,Travel,Navigation,
238,340706618,Explore Shanghai,https://apps.apple.com/us/app/explore-shanghai/id340706615?uo=4,Matthew Mayer,https://www.exploremetro.com/,ExploreMetro,1102,4.73866,4.73866,19.0.5,Travel,Travel,Reference,
84,1214486023,Swvl - Daily Bus Rides,https://apps.apple.com/us/app/swvl-daily-bus-rides/id1214486024?uo=4,Swvl Inc.,https://swvl.com,Swvl Inc.,4223,4.73691,4.73691,6.6.1,Travel,Travel,Navigation,
455,657777018,Breeze OnDemand,https://apps.apple.com/us/app/breeze-ondemand/id1561612976?uo=4,"Via Transportation, Inc.",http://scgov.net/ondemand,"Via Transportation, Inc.",531,4.73635,4.73635,4.6.9,Travel,Travel,Navigation,
465,417250240,Lake County PASSAGE,https://apps.apple.com/us/app/lake-county-passage/id417250237?uo=4,"Lake County, IL",http://www.lakecountypassage.com,"Lake County, Illinois",579,4.73575,4.73575,2.8.0,Navigation,Navigation,Travel,
231,484527654,Île-de-France Mobilités,https://apps.apple.com/us/app/%C3%AEle-de-france-mobilit%C3%A9s/id484527651?uo=4,Ile de France Mobilites,,Ile de France Mobilites,376,4.73404,4.73404,7.15.4,Navigation,Navigation,Travel,
314,1571919734,WIYAK - A Story in Every Ride,https://apps.apple.com/us/app/wiyak-a-story-in-every-ride/id1571919732?uo=4,Wiyak For Delivery of Consumables,,Wiyak,620,4.73386,4.73386,1.2.2,Travel,Travel,Lifestyle,
161,1504074136,Shift inc.,https://apps.apple.com/us/app/shift-inc/id1364137537?uo=4,Generation C,http://www.gen-c.com,Generation C,302,4.73179,4.73179,3.0.37,Travel,Travel,Productivity,
381,1542780219,Dubai Travel Guide Offline,https://apps.apple.com/us/app/dubai-travel-guide-offline/id354106773?uo=4,Jorge Herlein,http://discoverdestinationsapps.com,Jorge Herlein,246,4.7317,4.7317,3.1.47,Travel,Travel,Navigation,
183,1057590322,Virtuo: hassle-free car rental,https://apps.apple.com/us/app/virtuo-hassle-free-car-rental/id1057590323?uo=4,VIRTUO TECHNOLOGIES,https://www.govirtuo.com/,Virtuo Technologies,824,4.72694,4.72694,5.0.30,Travel,Travel,,
295,1279694425,Avas Ride - Your Everyday App,https://apps.apple.com/us/app/avas-ride-your-everyday-app/id1447876849?uo=4,Mohamed Yaniu Rameez,https://avasride.com/,Mohamed Yaniu Rameez,2018,4.72646,4.72646,0.43.02,Travel,Travel,Lifestyle,
528,1331504547,Yulu - top eBike sharing app,https://apps.apple.com/us/app/yulu-top-ebike-sharing-app/id1331504548?uo=4,YULU BIKES PRIVATE LIMITED,https://www.facebook.com/yulu,Yulu Bikes Pvt Ltd,585,4.72478,4.72478,4.8.3,Travel,Travel,Sports,
55,859887771,Heetch - Ride-hailing app,https://apps.apple.com/us/app/heetch-ride-hailing-app/id693137280?uo=4,Heetch,https://www.heetch.com/,Heetch,3024,4.72421,4.72421,5.86.0,Travel,Travel,Navigation,
184,566586382,First Bus,https://apps.apple.com/us/app/first-bus/id566586379?uo=4,FirstGroup Plc,https://www.firstbus.co.uk/,FirstGroup Plc,1296,4.72299,4.72299,5.5.0,Travel,Travel,Utilities,
360,1416765580,Chicago Travel Guide .,https://apps.apple.com/us/app/chicago-travel-guide/id337477517?uo=4,Daniel Garcia,http://www.etips.com,Daniel Garcia,346,4.72254,4.72254,3.0.29,Travel,Travel,Navigation,
105,939103905,TripShot,https://apps.apple.com/us/app/tripshot/id1007192056?uo=4,tripshot inc.,,Tripshot,1476,4.72018,4.72018,100,Navigation,Navigation,Business,
512,1441247962,Gozem,https://apps.apple.com/us/app/gozem/id1441247963?uo=4,Gozem Pte Ltd,http://gozem.co,GoZem Pte Ltd,1145,4.71178,4.71178,1.15.0,Navigation,Navigation,Travel,
39,376338395,Rentalcars.com Car rental App,https://apps.apple.com/us/app/rentalcars-com-car-rental-app/id570156001?uo=4,Booking.com Transport Limited,https://www.rentalcars.com/MobileAppDownload.do,Booking.com Transport Limited,31646,4.71164,4.71164,2023.5.1,Travel,Travel,Business,
144,1013090809,OC Bus,https://apps.apple.com/us/app/oc-bus/id1564889297?uo=4,Orange County Transportation Authority,http://www.ocbus.com,Orange County Transportation Authority,4043,4.70789,4.70789,4.03,Travel,Travel,Lifestyle,Orange County Transportation Authority
472,1088265272,Singabus - Bus Timing + MRT,https://apps.apple.com/us/app/singabus-bus-timing-mrt/id1044984870?uo=4,Cotton.sg Pte. Ltd.,https://www.cotton.sg,Cotton.sg Pte. Ltd.,326,4.70552,4.70552,3.2.2,Navigation,Navigation,Travel,
294,490642510,Trenord,https://apps.apple.com/us/app/trenord/id973483529?uo=4,Nordcom SPA,http://www.trenord.it,Trenord s.r.l.,777,4.70399,4.70399,4.0.0,Travel,Travel,Utilities,
121,950823143,HopSkipDrive,https://apps.apple.com/us/app/hopskipdrive/id950823144?uo=4,HopSkipDrive Inc,http://www.hopskipdrive.com,HopSkipDrive,3153,4.70346,4.70346,3.6.7,Travel,Travel,Productivity,
565,456823070,AT Mobile,https://apps.apple.com/us/app/at-mobile/id1207704356?uo=4,Auckland Transport,http://www.at.govt.nz/atmobile/,Auckland Transport,238,4.70167,4.70167,1.28.0,Navigation,Navigation,Travel,
453,715865003,Commute with Enterprise,https://apps.apple.com/us/app/commute-with-enterprise/id1440331154?uo=4,"Enterprise Holdings, Inc.",https://www.commutewithenterprise.com,"Enterprise Holdings, Inc.",750,4.69867,4.69867,2.6.0,Travel,Travel,Business,
29,320969615,Tube Map - London Underground,https://apps.apple.com/us/app/tube-map-london-underground/id320969612?uo=4,Mapway Limited,https://www.mapway.com/apps/,Mapway Limited,15240,4.69777,4.69777,7.2.1,Navigation,Navigation,Travel,
47,376771016,SuperShuttle,https://apps.apple.com/us/app/supershuttle/id376771013?uo=4,"SuperShuttle, Inc.",https://www.supershuttle.com/,"SuperShuttle, Inc.",8159,4.68881,4.68881,3.5.14,Travel,Travel,Productivity,
525,509531326,New York Offline Map,https://apps.apple.com/us/app/new-york-offline-map/id577105209?uo=4,Green Lake Technology Ltd,https://www.facebook.com/greenlaketech/,Green Lake Technology Ltd,165,4.68485,4.68485,4.6,Travel,Travel,Navigation,
243,906810747,Riverside Car & Limo Service,https://apps.apple.com/us/app/riverside-car-limo-service/id906810744?uo=4,Riverside Radio Dispatcher Inc,,Riverside Radio Dispatch Inc,1655,4.68337,4.68337,6.3,Travel,Travel,,
58,320969615,Paris Metro Map and Routes,https://apps.apple.com/us/app/paris-metro-map-and-routes/id527534137?uo=4,Mapway Limited,https://www.mapway.com/apps/,Mapway Limited,9835,4.68165,4.68165,3.0.1,Navigation,Navigation,Travel,
127,548308171,Transport for Edinburgh,https://apps.apple.com/us/app/transport-for-edinburgh/id570435211?uo=4,Lothian Buses plc,http://www.lothianbuses.com/apps,Lothian Buses plc,858,4.67949,4.67949,2022.12.12,Travel,Travel,Navigation,
28,1551583839,"Trip.com: Book Flights, Hotels",https://apps.apple.com/us/app/trip-com-book-flights-hotels/id681752345?uo=4,Trip.com Travel Singapore Pte. Ltd.,https://www.trip.com/pages/appdownload/,Trip.com Travel Singapore Pte. Ltd.,35432,4.67879,4.67879,7.85.2,Travel,Travel,Lifestyle,
65,362057950,KakaoMap - Korea No.1 Map,https://apps.apple.com/us/app/kakaomap-korea-no-1-map/id304608425?uo=4,Kakao Corp.,https://kakaomap.tistory.com/,Kakao Corp.,3921,4.67304,4.67304,5.12.0,Navigation,Navigation,,
359,575331173,Moscow Transport,https://apps.apple.com/us/app/moscow-transport/id1227002793?uo=4,"Department of Transportation, Moscow",https://moscowtransport.app/,Департамент транспорта Москвы,100,4.67,4.67,8.7.0,Navigation,Navigation,Travel,
534,935767678,Mountaineer,https://apps.apple.com/us/app/mountaineer/id1442735883?uo=4,Downtowner App Inc.,,"Downtowner App, Inc.",109,4.66972,4.66972,1.0.7,Travel,Travel,,
162,556557693,9292 reisplanner OV + e-ticket,https://apps.apple.com/us/app/9292-reisplanner-ov-e-ticket/id556557690?uo=4,Reisinformatiegroep B.V.,https://9292.nl/en/about-9292/services/mobile,9292,881,4.66969,4.66969,2.21.0,Travel,Travel,Navigation,
447,1639354584,Bustime: Transport online,https://apps.apple.com/us/app/bustime-transport-online/id879310530?uo=4,Parabarter Sociedad Limitada,https://www.bustime.ru,Parabarter SL,115,4.66957,4.66957,201,Navigation,Navigation,Utilities,
531,320969615,Mexico City Metro Map,https://apps.apple.com/us/app/mexico-city-metro-map/id637479859?uo=4,Mapway Limited,http://www.mapway.com/apps/,Mapway Limited,133,4.66917,4.66917,3.1.0,Navigation,Navigation,Travel,
4,498477948,Moovit: All Transit Options,https://apps.apple.com/us/app/moovit-all-transit-options/id498477945?uo=4,Moovit App Global LTD,https://www.moovit.com,Moovit App Global LTD,37614,4.66669,4.66669,5.127.0,Navigation,Navigation,Travel,
190,320969615,Seoul Metro Subway Map,https://apps.apple.com/us/app/seoul-metro-subway-map/id637528208?uo=4,Mapway Limited,https://www.mapway.com/apps/,Mapway Limited,1288,4.66615,4.66615,3.1.0,Navigation,Navigation,Travel,
168,429739400,Traffic Maps: realtime info,https://apps.apple.com/us/app/traffic-maps-realtime-info/id891705758?uo=4,Raul Martin Carbonell,https://api-project-1069691124849.web.app,Little Mouse Software,3944,4.66582,4.66582,10.0.0,Navigation,Navigation,Utilities,
533,437910363,PennTransit Mobile,https://apps.apple.com/us/app/penntransit-mobile/id1642974291?uo=4,University of Pennsylvania,https://cms.business-services.upenn.edu/transportation,University of Pennsylvania,373,4.65951,4.65951,95.1,Navigation,Navigation,,
291,657777018,DCTA GoZone,https://apps.apple.com/us/app/dcta-gozone/id1574156936?uo=4,"Via Transportation, Inc.",,"Via Transportation, Inc.",1506,4.65869,4.65869,4.6,Travel,Travel,Navigation,
52,1613189475,Yandex Maps & Navigator,https://apps.apple.com/us/app/yandex-maps-navigator/id313877526?uo=4,Intertech Services AG,https://maps.yandex.com/,Intertech Services AG,9740,4.65811,4.65811,16.4,Navigation,Navigation,Travel,
62,341329036,BlaBlaCar: Carpooling and Bus,https://apps.apple.com/us/app/blablacar-carpooling-and-bus/id341329033?uo=4,Comuto,https://www.blablacar.com,Comuto,8246,4.65608,4.65608,5.156.0,Travel,Travel,Social Networking,
43,1008328212,MacroPoint For Truckers,https://apps.apple.com/us/app/macropoint-for-truckers/id680879975?uo=4,"Descartes Systems Group Inc., The",https://www.macropoint.com,The Descartes Systems Group,57597,4.65512,4.65512,23.07.04,Travel,Travel,Productivity,
342,320969615,Dubai Metro Interactive Map,https://apps.apple.com/us/app/dubai-metro-interactive-map/id493925488?uo=4,Mapway Limited,https://www.mapway.com/apps/,Mapway Limited,289,4.65398,4.65398,2.2.0,Navigation,Navigation,Travel,
567,362022325,ZVV,https://apps.apple.com/us/app/zvv/id1446767437?uo=4,Zurcher Verkehrsverbund ZVV,https://www.zvv.ch/app,Zürcher Verkehrsverbund ZVV,141,4.65248,4.65248,1.19.0,Travel,Travel,,
391,955565749,Primera Plus,https://apps.apple.com/us/app/primera-plus/id1081519379?uo=4,"Autobuses de La Piedad, S.A. de C.V.",http://www.primeraplus.com.mx,Grupo Flecha Amarilla,474,4.6519,4.6519,2.29.0,Travel,Travel,,
26,380200367,MyTSA,https://apps.apple.com/us/app/mytsa/id380200364?uo=4,Transportation Security Administration,https://www.tsa.gov,Transportation Security Administration,31691,4.64832,4.64832,4.1.3,Travel,Travel,Reference,
389,1131008246,Riide,https://apps.apple.com/us/app/riide/id1131008247?uo=4,Riide Limited,http://riide.co/,Riide,491,4.64358,4.64358,737,Travel,Travel,Navigation,
222,1446968109,be - Multi-Service Platform,https://apps.apple.com/us/app/be-multi-service-platform/id1440565902?uo=4,be Group JSC,https://be.com.vn,be Group JSC,1425,4.64211,4.64211,3.6.69,Navigation,Navigation,Travel,
2,889728710,Transit • Subway & Bus Times,https://apps.apple.com/us/app/transit-subway-bus-times/id498151501?uo=4,9280-0366 Quebec inc.,https://transitapp.com?utm_source=appstore-us-en&utm_medium=store&utm_content=marketingURL,"Transit App, Inc.",391993,4.6407,4.6407,5.15.1,Navigation,Navigation,Travel,
102,675033633,Bolt Driver App,https://apps.apple.com/us/app/bolt-driver-app/id897442736?uo=4,BOLT TECHNOLOGY OU,https://bolt.eu/driver,BOLT TECHNOLOGY OU,14353,4.64056,4.64056,66,Navigation,Navigation,,
501,608283837,MVGO!,https://apps.apple.com/us/app/mvgo/id991757585?uo=4,SWM Services GmbH,https://www.mvg.de/services/mobile-services/mvgo.html,SWM Services GmbH,147,4.63945,4.63945,6.24.1,Travel,Travel,Navigation,
271,1516149964,Abu Dhabi Taxi,https://apps.apple.com/us/app/abu-dhabi-taxi/id613114167?uo=4,Abu Dhabi Integrated Transport Centre,,Abu Dhabi Integrated Transport Centre,988,4.63866,4.63866,3.5.5,Travel,Travel,Navigation,
155,533630845,TripGo: Transport Planner,https://apps.apple.com/us/app/tripgo-transport-planner/id533630842?uo=4,SkedGo Pty Ltd,http://skedgo.com,SkedGo Pty Ltd,102,4.63725,4.63725,2023.4,Navigation,Navigation,Travel,
550,1386882938,Prague Travel Guide .,https://apps.apple.com/us/app/prague-travel-guide/id354842135?uo=4,Maria Monti,http://etips.com,Maria Monti,143,4.63636,4.63636,3.0.50,Travel,Travel,Navigation,
232,429899932,"CDG Zig – Taxis, Cars & Buses",https://apps.apple.com/us/app/cdg-zig-taxis-cars-buses/id954951647?uo=4,ComfortDelGro Corporation Limited,http://www.cdgtaxi.com.sg,ComfortDelGro Corporation Limited,1223,4.63532,4.63532,6.14.1,Travel,Travel,Lifestyle,
174,1613189475,Yandex Metro,https://apps.apple.com/us/app/yandex-metro/id392589075?uo=4,Intertech Services AG,http://mobile.yandex.ru/metro/,Intertech Services AG,523,4.6348,4.6348,3.7.9,Navigation,Navigation,Utilities,
260,1050410516,Karwa Taxi,https://apps.apple.com/us/app/karwa-taxi/id1050410517?uo=4,Karwa Integrated Solutions and Services,http://www.karwatechnologies.com/,Karwa,971,4.63131,4.63131,4.3.3,Travel,Travel,,
514,1293831784,Swapfiets,https://apps.apple.com/us/app/swapfiets/id1330923084?uo=4,Swapfiets B.V.,https://swapfiets.nl,Swapfiets,472,4.62924,4.62924,3.8.5,Travel,Travel,Lifestyle,
319,381360393,TfE M-Tickets,https://apps.apple.com/us/app/tfe-m-tickets/id732154996?uo=4,Corethree Ltd.,,Corethree Ltd.,346,4.62716,4.62716,3.11,Travel,Travel,Lifestyle,
457,445885285,MBTA See Say,https://apps.apple.com/us/app/mbta-see-say/id523210770?uo=4,Elerts Corporation,http://elerts.com,ELERTS Corp,331,4.62235,4.62235,3.2.1,Travel,Travel,Utilities,
170,1474973738,MyJTA,https://apps.apple.com/us/app/myjta/id1058326386?uo=4,Jacksonville Transportation Authority,https://www.jtafla.com,Jacksonville Transportation Authority,3013,4.61434,4.61434,6.121,Travel,Travel,Navigation,Jacksonville Transportation Authority
71,320969615,Washington DC Metro Route Map,https://apps.apple.com/us/app/washington-dc-metro-route-map/id635278334?uo=4,Mapway Limited,https://www.mapway.com/apps/,Mapway Limited,11696,4.60226,4.60226,3.1.0,Navigation,Navigation,Travel,
558,860817721,TaxiWithUs,https://apps.apple.com/us/app/taxiwithus/id1121694288?uo=4,TaxiWithUs LLC,http://www.taxiwithus.com/index.html,TaxiWithUs LLC,253,4.60079,4.60079,6.1,Travel,Travel,Utilities,
25,1281251209,NYC Transit: MTA Subway & Bus,https://apps.apple.com/us/app/nyc-transit-mta-subway-bus/id1146998152?uo=4,Transit Now ltd,https://travelwhiz.app,Transit Now ltd,25306,4.59891,4.59891,2023.4.4,Navigation,Navigation,Travel,
13,320969615,New York Subway MTA Map,https://apps.apple.com/us/app/new-york-subway-mta-map/id369691844?uo=4,Mapway Limited,https://www.mapway.com/apps/,Mapway Limited,95611,4.59578,4.59578,5.1.0,Navigation,Navigation,Travel,
468,506760193,Jakdojade Premium,https://apps.apple.com/us/app/jakdojade-premium/id506760190?uo=4,CITY-NAV sp. z o.o.,https://jakdojade.pl,CITY-NAV sp. z o.o.,217,4.59447,4.59447,5.5.4,Travel,Travel,Navigation,
288,1077969530,BusMap - Transit & Bus Ticket,https://apps.apple.com/us/app/busmap-transit-bus-ticket/id1077969531?uo=4,BUSMAP COMPANY LIMITED,https://busmap.vn,BUSMAP COMPANY LIMITED,194,4.59278,4.59278,3.0.26,Navigation,Navigation,Travel,
224,999970382,CAR:GO - Anywhere!,https://apps.apple.com/us/app/car-go-anywhere/id999970383?uo=4,CarGo Technologies doo,,CarGo Technologies doo,2555,4.59256,4.59256,3.9.98,Travel,Travel,Navigation,
326,424433689,Bus New York City,https://apps.apple.com/us/app/bus-new-york-city/id424433686?uo=4,Electric Labs Ltd,http://www.electriclabs.com/#/busNYC,Electric Labs Ltd,1260,4.59048,4.59048,4.4.4,Travel,Travel,Navigation,
140,926094021,RTA Smart Drive,https://apps.apple.com/us/app/rta-smart-drive/id926094022?uo=4,TRANSPORT HI TECH CONSULTANTS,,TRANSPORT HI TECH CONSULTANTS,2365,4.58689,4.58689,3.3.1,Navigation,Navigation,Travel,
118,1029032848,Eway public transport,https://apps.apple.com/us/app/eway-public-transport/id610471209?uo=4,Sherstyuk Ivan Ivanovych,https://www.eway.in.ua,Sherstyuk Ivan Ivanovych,793,4.58007,4.58007,4.4.11,Navigation,Navigation,Travel,
341,320969615,Chicago L Metro Map,https://apps.apple.com/us/app/chicago-l-metro-map/id635826132?uo=4,Mapway Limited,https://www.mapway.com/apps/,Mapway Limited,114,4.57895,4.57895,3.1.0,Navigation,Navigation,Travel,
363,533136729,BA Cómo Llego,https://apps.apple.com/us/app/ba-c%C3%B3mo-llego/id576489186?uo=4,Gobierno de la Ciudad Autonoma de Buenos Aires,http://www.buenosaires.gob.ar/aplicacionesmoviles/ba-como-llego,Gobierno de la Ciudad de Buenos Aires,263,4.56654,4.56654,5.7.4,Navigation,Navigation,Travel,
176,1092074591,"BVG Tickets: Train, Bus & Tram",https://apps.apple.com/us/app/bvg-tickets-train-bus-tram/id1232772818?uo=4,Berliner Verkehrsbetriebe (BVG) Anstalt des oeffentlichen Rechts,https://www.bvg.de/de/Tickets/Mobil,Berliner Verkehrsbetriebe (BVG) - AöR,990,4.56263,4.56263,1.31.12,Travel,Travel,Navigation,
126,320969615,Boston T Subway Map & Routing,https://apps.apple.com/us/app/boston-t-subway-map-routing/id1195886256?uo=4,Mapway Limited,https://www.mapway.com/apps/,Mapway Limited,3998,4.55453,4.55453,2.1.0,Navigation,Navigation,Travel,
180,963836357,FLIO,https://apps.apple.com/us/app/flio/id963836358?uo=4,Flio GmbH,http://flio.com,Air Media Service,591,4.5533,4.5533,4.0.4,Travel,Travel,Lifestyle,
141,1281251209,Momego: Train & Bus Travel,https://apps.apple.com/us/app/momego-train-bus-travel/id1281251210?uo=4,Transit Now ltd,https://travelwhiz.app,Transit Now ltd,4541,4.549,4.549,2023.5.1,Navigation,Navigation,Travel,
277,925346607,Flamingo Fares,https://apps.apple.com/us/app/flamingo-fares/id1487465395?uo=4,"Bytemark, Inc.",,"Bytemark, Inc.",2042,4.54652,4.54652,4.081,Travel,Travel,,
371,1183090731,ETN: Transporte y Autobuses MX,https://apps.apple.com/us/app/etn-transporte-y-autobuses-mx/id1465634050?uo=4,ETN Turistar Lujo S.A. de C.V.,https://etn.com.mx/aviso-privacidad.html,ETN Turistar Lujo Streaming,237,4.5443,4.5443,3.13.0,Travel,Travel,Shopping,
365,888691709,Carey,https://apps.apple.com/us/app/carey/id888691706?uo=4,"Carey International, Inc.",http://www.carey.com,Carey Worldwide Chauffeured Services,575,4.53913,4.53913,3.65,Travel,Travel,Business,
562,1533254866,Qari APP - Ride with Joy,https://apps.apple.com/us/app/qari-app-ride-with-joy/id1533254864?uo=4,Mercury LTD,https://www.qari.co,Qari Mobility,121,4.53719,4.53719,1.2.15,Travel,Travel,Lifestyle,
186,506760193,Jakdojade - Timetables,https://apps.apple.com/us/app/jakdojade-timetables/id506795511?uo=4,CITY-NAV sp. z o.o.,https://jakdojade.pl,CITY-NAV sp. z o.o.,400,4.53,4.53,5.5.4,Travel,Travel,Navigation,
38,1076430967,Zum - Student Transportation,https://apps.apple.com/us/app/zum-student-transportation/id1076430968?uo=4,"Zum Services, Inc.",https://ridezum.com,"Zum Services, Inc.",1303,4.52878,4.52878,2.91.23,Travel,Travel,Lifestyle,
171,320969615,Bus Times London,https://apps.apple.com/us/app/bus-times-london/id480643687?uo=4,Mapway Limited,http://www.mapway.com/apps/,Mapway Limited,1432,4.52863,4.52863,3.0.0,Navigation,Navigation,Travel,
331,608283837,MVG Fahrinfo München,https://apps.apple.com/us/app/mvg-fahrinfo-m%C3%BCnchen/id343701044?uo=4,SWM Services GmbH,https://www.mvg.de/services/mobile-services/fahrinfo.html,SWM Services GmbH,203,4.52709,4.52709,9.15.0,Travel,Travel,Navigation,
593,1183481333,Urbvan - Commutes App,https://apps.apple.com/us/app/urbvan-commutes-app/id1183481334?uo=4,COMMUTE TECHNOLOGIES S.A.P.I. de C.V.,https://urbvan.com/waitlist,COMMUTE TECHNOLOGIES S.A.P.I. de C.V.,230,4.51304,4.51304,3.4.15,Travel,Travel,Lifestyle,
521,287296544,SG NextBus,https://apps.apple.com/us/app/sg-nextbus/id361404839?uo=4,SG NextBus Pte. Ltd.,http://nextbus.sg,SG NextBus Pte. Ltd.,262,4.51145,4.51145,4.5.2,Travel,Travel,Navigation,
383,1453533305,توربو | Turbo: Request a Ride,https://apps.apple.com/us/app/%D8%AA%D9%88%D8%B1%D8%A8%D9%88-turbo-request-a-ride/id1453533306?uo=4,TAXISTI COMPANY FOR PASSENGER TRANSPORTATION LLC,https://taxisti.net/,TAXISTI COMPANY FOR PASSENGER TRANSPORTATION LLC,790,4.51138,4.51138,6.0.2,Navigation,Navigation,Travel,
267,657777018,UTA On Demand,https://apps.apple.com/us/app/uta-on-demand/id1574141449?uo=4,"Via Transportation, Inc.",https://www.rideuta.com/Services/UTA-On-Demand,"Via Transportation, Inc.",759,4.50856,4.50856,4.11.12,Travel,Travel,Navigation,Utah Transit Authority
23,329384706,Zipcar: cars on-demand,https://apps.apple.com/us/app/zipcar-cars-on-demand/id329384702?uo=4,"Zipcar, Inc.",http://www.zipcar.com/mobile,Zipcar,71380,4.49749,4.49749,6.09.0,Travel,Travel,Lifestyle,
323,1290052304,Droppath Route Planner & Map,https://apps.apple.com/us/app/droppath-route-planner-map/id505608050?uo=4,Technologies Suzero Inc,https://www.droppath.app/,Technologies Suzero Inc,855,4.49474,4.49474,5.1.1,Navigation,Navigation,Productivity,
300,1548470748,39 Bite Pu - Yangon Bus Guide,https://apps.apple.com/us/app/39-bite-pu-yangon-bus-guide/id1195437608?uo=4,Big IMPACT Media Company Limited,,Big IMPACT Media Company Limited,236,4.48729,4.48729,1.2.21,Navigation,Navigation,Productivity,
462,445885285,SEPTA Transit Watch,https://apps.apple.com/us/app/septa-transit-watch/id1231139910?uo=4,Elerts Corporation,http://elerts.com/,ELERTS Corp,407,4.47173,4.47173,2.2.0,Travel,Travel,Utilities,
366,1094360402,FAIRTIQ,https://apps.apple.com/us/app/fairtiq/id1094360403?uo=4,Fairtiq AG,https://fairtiq.com,Fairtiq AG,132,4.46969,4.46969,7.0.7,Travel,Travel,Utilities,
332,1450382977,GIG Mobility,https://apps.apple.com/us/app/gig-mobility/id1154045195?uo=4,G.I.G MOBILITY LIMITED,https://gigm.com/,G.I.G MOBILITY LIMITED,1120,4.45981,4.45981,4.4.3,Travel,Travel,Utilities,
570,421159322,TaxiClick Easy,https://apps.apple.com/us/app/taxiclick-easy/id1283089531?uo=4,Interfacom S.A.,,"Interfacom, S.A.",172,4.45349,4.45349,2.2.20,Travel,Travel,Navigation,
198,933526448,Donkey Republic,https://apps.apple.com/us/app/donkey-republic/id933526449?uo=4,DonkeyRepublik IVS,https://www.donkey.bike,Donkey Republic IVS,528,4.44697,4.44697,15.4.0,Travel,Travel,Business,
254,445885285,BART Watch,https://apps.apple.com/us/app/bart-watch/id900583295?uo=4,Elerts Corporation,,ELERTS Corp,2477,4.42753,4.42753,3.2.0,Travel,Travel,Utilities,
22,657777018,Via — smarter mobility.,https://apps.apple.com/us/app/via-smarter-mobility/id657777015?uo=4,"Via Transportation, Inc.",http://www.ridewithvia.com,"Via Transportation, Inc.",11337,4.42727,4.42727,4.7,Travel,Travel,Lifestyle,
50,724915222,SEPTA,https://apps.apple.com/us/app/septa/id724915219?uo=4,Southeastern Pennsylvania Transportation Authority (SEPTA),http://www.septa.org,Southeastern Pennsylvania Transportation Authority,23633,4.42267,4.42267,2.1.0,Travel,Travel,,Southeastern Pennsylvania Transportation Authority
471,376771016,ExecuCar,https://apps.apple.com/us/app/execucar/id1315148093?uo=4,"SuperShuttle, Inc.",https://www.execucar.com/,"SuperShuttle, Inc.",245,4.42041,4.42041,3.5.14,Travel,Travel,Productivity,
358,1496252610,PeaceHealth Rides,https://apps.apple.com/us/app/peacehealth-rides/id1359679102?uo=4,MobilityCloud Inc,http://socialbicycles.com,MobilityCloud Inc,537,4.41713,4.41713,2.5.0,Travel,Travel,Lifestyle,
285,935767678,Village Connect,https://apps.apple.com/us/app/village-connect/id1357326540?uo=4,Downtowner App Inc.,http://www.beavercreek.com,"Downtowner App, Inc.",169,4.37277,4.37277,3.0.28,Travel,Travel,,
70,847886146,BCycle,https://apps.apple.com/us/app/bcycle/id371185597?uo=4,"B-cycle, LLC",http://www.bcycle.com,"B-cycle, LLC",4323,4.35878,4.35878,4.1.4,Travel,Travel,Health & Fitness,
191,1467361850,Fetii Ride,https://apps.apple.com/us/app/fetii-ride/id1470368285?uo=4,Iommi and Rath Holdings LLC,,Rath Holdings,262,4.32061,4.32061,2.2,Travel,Travel,,
146,1455932562,Kyte,https://apps.apple.com/us/app/kyte/id1456424048?uo=4,Kyte Systems Inc.,https://kyte.com/?utm_source=from-appstore,Kyte Systems Inc.,2521,4.31733,4.31733,2.38.1,Travel,Travel,,
368,538427689,Rejseplanen,https://apps.apple.com/us/app/rejseplanen/id317007942?uo=4,Rejseplanen A/S,http://apps.rejseplanen.dk,Rejseplanen A/S,107,4.28036,4.28036,8.1.0,Travel,Travel,Navigation,
467,923406673,Milan Metro and Transport,https://apps.apple.com/us/app/milan-metro-and-transport/id1279307087?uo=4,Georgi Zlatinov,,Georgi Zlatinov,447,4.27963,4.27963,3,Travel,Travel,Navigation,
307,1453831203,DOT Billetter,https://apps.apple.com/us/app/dot-billetter/id582247244?uo=4,DOT - Din offentlige Transport IS,https://dinoffentligetransport.dk,Dot - Din offentlige Transport IS,398,4.26884,4.26884,5.4.2,Travel,Travel,,
481,1071466133,Metro Bike Share,https://apps.apple.com/us/app/metro-bike-share/id1121738367?uo=4,"Bicycle Transit Systems, Inc.",https://bikeshare.metro.net/,Bicycle Transit Systems,172,4.26163,4.26163,2.8.0,Navigation,Navigation,Travel,
340,1078409528,HSL,https://apps.apple.com/us/app/hsl/id1340229182?uo=4,Helsingin seudun liikenne -kuntayhtyma,https://www.hsl.fi/en,Helsingin seudun liikenne,412,4.25243,4.25243,5.4.1,Travel,Travel,,
75,1633076366,Baly بلي,https://apps.apple.com/us/app/baly-%D8%A8%D9%84%D9%8A/id1590560595?uo=4,BAREEQ AL-NAHRAIN FOR DELIVERY AND PASSENGER TRANSPORTATION SERVICES,https://baly.iq,BAREEQ AL-NAHRAIN FOR DELIVERY AND PASSENGER TRANSPORTATION SERVICES,9987,4.24732,4.24732,2.2,Travel,Travel,,
522,925346607,MyDART Des Moines,https://apps.apple.com/us/app/mydart-des-moines/id1294661597?uo=4,"Bytemark, Inc.",http://ridedart.com/mydart,"Bytemark, Inc.",192,4.24479,4.24479,4.028,Travel,Travel,Navigation,Des Moines Area Regional Transit Authority
463,369295279,MTR Mobile,https://apps.apple.com/us/app/mtr-mobile/id369295276?uo=4,MTR Corporation Limited,http://www.mtr.com.hk/en/customer/services/mtr_mobile.html,MTR Corporation Limited,187,4.19786,4.19786,20.33,Travel,Travel,Lifestyle,
235,1071466133,Indego Bike Share,https://apps.apple.com/us/app/indego-bike-share/id1071466134?uo=4,"Bicycle Transit Systems, Inc.",https://www.rideindego.com,Bicycle Transit Systems,418,4.1866,4.1866,2.8.0,Navigation,Navigation,Travel,
193,723185239,HotSpot Parking Transit Taxis,https://apps.apple.com/us/app/hotspot-parking-transit-taxis/id723185236?uo=4,HotSpot Parking Inc.,http://htsp.ca,HotSpot Parking Inc.,186,4.15054,4.15054,14.5.26,Navigation,Navigation,Travel,
195,974792286,Santander Cycles,https://apps.apple.com/us/app/santander-cycles/id974792287?uo=4,Transport Trading Ltd.,https://www.tfl.gov.uk/santandercycles,TfL,528,4.14205,4.14205,4.0.29,Travel,Travel,Navigation,
217,907091085,Europcar - Car & Van Hire,https://apps.apple.com/us/app/europcar-car-van-hire/id377889715?uo=4,Europcar Groupe,http://www.europcar.com,Europcar International SASU,298,4.11745,4.11745,6.5.3,Travel,Travel,Business,
520,1556460749,Lignes d’Azur Mobile,https://apps.apple.com/us/app/lignes-dazur-mobile/id423316741?uo=4,Regie Ligne d Azur,,Régie Ligne D'Azur,268,4.11567,4.11567,5.3.3,Travel,Travel,Navigation,
268,1092074591,BVG Fahrinfo: Routes & Tickets,https://apps.apple.com/us/app/bvg-fahrinfo-routes-tickets/id284971745?uo=4,Berliner Verkehrsbetriebe (BVG) Anstalt des oeffentlichen Rechts,http://www.bvg.de/en/,Berliner Verkehrsbetriebe (BVG) - AöR,119,4.08403,4.08403,6.14,Travel,Travel,Navigation,
330,362919234,SF Muni Buses,https://apps.apple.com/us/app/sf-muni-buses/id1453311787?uo=4,Alex Perez,https://iminichrispy.com,Alex Perez,576,4.07118,4.07118,4.0.18,Navigation,Navigation,Travel,
547,1494002475,GO: Car and BUS Rides‏,https://apps.apple.com/us/app/go-car-and-bus-rides/id1494002476?uo=4,GO Digital Services International DMCC,,GO Digital Services International DMCC,289,4.04152,4.04152,2.25.1,Travel,Travel,Navigation,
244,736070902,Trafi,https://apps.apple.com/us/app/trafi/id791973944?uo=4,INTELLIGENT COMMUNICATIONS UAB,http://trafi.com,TRAFI,134,3.93284,3.93284,11.16.0,Navigation,Navigation,Travel,
504,1500371799,Leena,https://apps.apple.com/us/app/leena/id1459988916?uo=4,Fast Tamkeen For Transportation LLC,http://leenacab.com/,Fast Tamkeen For Transportation LLC,1473,3.90428,3.90428,1.1.1,Travel,Travel,,
313,1244786748,Bike Itaú,https://apps.apple.com/us/app/bike-ita%C3%BA/id1270864475?uo=4,M2 Solucoes em Engenharia Ltda - ME,https://bikeitau.com.br/,tembici,405,3.8963,3.8963,9.8.1,Navigation,Navigation,Travel,
108,343555249,DB Navigator,https://apps.apple.com/us/app/db-navigator/id343555245?uo=4,Deutsche Bahn,https://www.bahn.com/en/view/booking-information/booking/db-navigator-app.shtml,Deutsche Bahn,830,3.85181,3.85181,23.08.01,Travel,Travel,Navigation,
346,939678289,rMove: Travel Survey,https://apps.apple.com/us/app/rmove-travel-survey/id939678290?uo=4,"Resource Systems Group, Inc.",https://rmove.rsginc.com/,RSG,183,3.6776,3.6776,2023.9.1,Travel,Travel,Navigation,
79,955837608,HERE WeGo Maps & Navigation,https://apps.apple.com/us/app/here-wego-maps-navigation/id955837609?uo=4,HERE Apps LLC,https://www.here.com?cid=WeGo-AppStore-MM-0-Here&utm_source=AppStore&utm_medium=referral&utm_campaign=Online_WeGo_2021,HERE Apps LLC,1238,3.65509,3.65509,4.9.200,Navigation,Navigation,Travel,
116,577603960,Clipper Card,https://apps.apple.com/us/app/clipper-card/id1534042451?uo=4,Metropolitan Transportation Commission,,Metropolitan Transportation Commission,4104,3.59966,3.59966,1.58.8,Travel,Travel,,San Francisco Bay Area Rapid Transit District
385,1077881609,Wyoming 511,https://apps.apple.com/us/app/wyoming-511/id1077881610?uo=4,Wyoming Department of Transportation,,Wyoming Department of Transportation,101,3.19802,3.19802,1.5.3,Navigation,Navigation,Weather,
87,504179274,iMaps+ for Google Maps,https://apps.apple.com/us/app/imaps-for-google-maps/id585801479?uo=4,Apptility Limited,,Apptility Limited,759,3.17391,3.17391,5.0.7,Navigation,Navigation,Travel,
305,1193696576,Caltrans QuickMap,https://apps.apple.com/us/app/caltrans-quickmap/id1193696577?uo=4,California Department of Transportation,,California Department of Transportation,158,3.1519,3.1519,3.3.9,Navigation,Navigation,Travel,
249,568051015,MoDOT Traveler Information,https://apps.apple.com/us/app/modot-traveler-information/id568051012?uo=4,Missouri Department of Transportation,,Missouri Department of Transportation (MoDOT),269,3.13755,3.13755,3.7.0,Travel,Travel,Weather,
253,387209227,WSDOT,https://apps.apple.com/us/app/wsdot/id387209224?uo=4,Washington State Department of Transportation,https://wsdot.wa.gov,Washington State Department of Transportation,198,3.07071,3.07071,5.33.0,Travel,Travel,,
199,339687375,Flywheel - The Taxi App,https://apps.apple.com/us/app/flywheel-the-taxi-app/id584165682?uo=4,"Flywheel Software, Inc.",http://www.flywheel.com/,"Flywheel Software, Inc.",152,2.98684,2.98684,5.9.2,Travel,Travel,Navigation,
539,1633076366,تطبيق النقل بلي كابتن,https://apps.apple.com/us/app/%D8%AA%D8%B7%D8%A8%D9%8A%D9%82-%D8%A7%D9%84%D9%86%D9%82%D9%84-%D8%A8%D9%84%D9%8A-%D9%83%D8%A7%D8%A8%D8%AA%D9%86/id1605807171?uo=4,BAREEQ AL-NAHRAIN FOR DELIVERY AND PASSENGER TRANSPORTATION SERVICES,,BAREEQ AL-NAHRAIN FOR DELIVERY AND PASSENGER TRANSPORTATION SERVICES,316,2.97468,2.97468,1.6,Travel,Travel,,
339,547603903,Iowa 511,https://apps.apple.com/us/app/iowa-511/id528047799?uo=4,Iowa Department of Transportation,https://www.511ia.org/,Iowa Department of Transportation,363,2.92562,2.92562,5.7.5,Travel,Travel,Navigation,
227,1302195465,RTD MyRide,https://apps.apple.com/us/app/rtd-myride/id1302195466?uo=4,Regional Transportation District,http://www.rtd-denver.com/myride,Regional Transportation District,267,2.58427,2.58427,7.8.8,Travel,Travel,Utilities,Denver Regional Transportation District
509,1154044643,Tbilisi Transport Company,https://apps.apple.com/us/app/tbilisi-transport-company/id927903973?uo=4,ITDC OAO,,JSC ITDC,131,2.54962,2.54962,1.0.4,Navigation,Navigation,Travel,
273,909691510,rideRTC,https://apps.apple.com/us/app/ridertc/id909691507?uo=4,Regional Transportation Commission of Southern Nevada,http://www.rtcsnv.com/,Regional Transportation Commission of Southern Nevada,126,2.46824,2.46824,7.8.14,Travel,Travel,,Regional Transportation Commission of Southern Nevada
225,1008981388,NextBus-Official,https://apps.apple.com/us/app/nextbus-official/id1009534692?uo=4,"NextBus, Inc.",,"NextBus, Inc.",272,2.26103,2.26103,3.6.4,Travel,Travel,,
302,1429890514,Minnesota 511,https://apps.apple.com/us/app/minnesota-511/id664709236?uo=4,Minnesota Department of Transportation,,Minnesota Department of Transportation,1121,2.25602,2.25602,5.7.6,Travel,Travel,Navigation,
286,692080495,UDOT Traffic,https://apps.apple.com/us/app/udot-traffic/id477093147?uo=4,Utah Department of Transportation,http://udottraffic.utah.gov,Utah Department of Transportation,250,2.216,2.216,4.1,Travel,Travel,Weather,
152,528916105,MYmta,https://apps.apple.com/us/app/mymta/id1297605670?uo=4,MTA/New York City Transit,,Metropolitan Transportation Authority,1183,2.17921,2.17921,1.26.16,Travel,Travel,Navigation,
352,1034284574,OHGO,https://apps.apple.com/us/app/ohgo/id1034284575?uo=4,The Ohio Department of Transportation,http://ohgo.com,The Ohio Department of Transportation,182,2.12637,2.12637,2.2.0,Travel,Travel,Navigation,
450,897998186,RideYellow - Your taxi app,https://apps.apple.com/us/app/rideyellow-your-taxi-app/id989271127?uo=4,"National Taxi Services, Inc.",http://www.rideyellow.com,National Taxi Services,322,2.02795,2.02795,3.58,Travel,Travel,Utilities,
265,1353337562,TAP LA,https://apps.apple.com/us/app/tap-la/id1505839730?uo=4,Los Angeles County Metropolitan Transportation Authority,,Los Angeles County Metropolitan Transportation Authority,288,1.9375,1.9375,1.26.86,Travel,Travel,,City of Los Angeles
361,549883641,Tri-Rail,https://apps.apple.com/us/app/tri-rail/id549883638?uo=4,South Florida Regional Transportation Authority,,Tri-Rail,157,1.92357,1.92357,4.0.0,Travel,Travel,Utilities,
270,1364200718,zTrip,https://apps.apple.com/us/app/ztrip/id559861547?uo=4,"Transdev North America, INC",http://ztrip.com,zTrip INC,243,1.87654,1.87654,4.4.1,Travel,Travel,Productivity,
596,1148224237,MyRide Broward,https://apps.apple.com/us/app/myride-broward/id1156241444?uo=4,Buspas Inc,,Buspas,143,1.86014,1.86014,2.1.2,Navigation,Navigation,Travel,Broward County Board of County Commissioners
283,1627984551,Earth View Live GPS Maps,https://apps.apple.com/us/app/earth-view-live-gps-maps/id1212137522?uo=4,SOAD HAMADEH,http://www.tare5.com/earth/,SOAD HAMADEH,289,1.84083,1.84083,6,Navigation,Navigation,Travel,
148,492680528,SunPass,https://apps.apple.com/us/app/sunpass/id492680525?uo=4,FL Dept. of Transportation/SunPass,https://www.sunpass.com,FL Dept. of Transportation/SunPass,1206,1.57629,1.57629,4.4.2,Travel,Travel,Utilities,